x,y,z,time
0.8322212100029851,0.22043366730213174,0.25804570317268616,0.0
0.8323796333171926,0.22045832182031927,0.2580140471324318,0.01485148514851485
0.8325384056489666,0.22048523537110137,0.25798747530289096,0.0297029702970297
0.8326975214704604,0.22051440333364486,0.25796600243362805,0.04455445544554455
0.8328569752476962,0.22054581708978507,0.2579496426037425,0.0594059405940594
0.8330167614329611,0.22057946402367126,0.25793840921904726,0.07425742574257425
0.8331768744723813,0.22061532752414012,0.2579323150092604,0.0891089108910891
0.8333373087995852,0.2206533869898218,0.2579313720254178,0.10396039603960396
0.833498058838806,0.22069361783699284,0.2579355916371512,0.1188118811881188
0.8336591190067045,0.22073599151016476,0.25794498453030174,0.13366336633663367
0.833820483707888,0.22078047549544605,0.25795956070445686,0.1485148514851485
0.833982147338998,0.22082703333661707,0.257979329470559,0.16336633663366334
0.8341441042849178,0.22087562465394783,0.25800429944867104,0.1782178217821782
0.834306348924127,0.22092620516577294,0.2580344785658538,0.19306930693069307
0.8344688756230619,0.22097872671278487,0.25806987405398224,0.2079207920792079
0.8346316787402325,0.22103313728501375,0.2581104924478142,0.22277227722772275
0.8347947526244089,0.22108938105155426,0.2581563395830039,0.2376237623762376
0.8349580916150432,0.2211473983929722,0.2582074205943633,0.2524752475247525
0.8351216900428465,0.22120712593635297,0.25826373991401613,0.26732673267326734
0.8352855422285789,0.22126849659304929,0.2583253012697571,0.28217821782178215
0.8354496424832251,0.22133143959904505,0.25839210768354137,0.297029702970297
0.8356139851122295,0.2213958805579042,0.2584641614699423,0.3118811881188119
0.8357785644073481,0.22146174148636683,0.25854146423474844,0.3267326732673267
0.8359433746545296,0.22152894086244806,0.25862401687370873,0.34158415841584155
0.8361084101297658,0.2215973936761087,0.2587118195712247,0.3564356435643564
0.8362736651016152,0.22166701148236995,0.2588048717992909,0.3712871287128713
0.8364391338263444,0.22173770245698754,0.25890317231643384,0.38613861386138615
0.8366048105557422,0.22180937145444743,0.2590067191667644,0.40099009900990096
0.8367706895300401,0.2218819200684496,0.25911550967908414,0.4158415841584158
0.8369367649820589,0.22195524669469496,0.2592295404661421,0.4306930693069307
0.8371030311357723,0.2220292465959822,0.2593488074239395,0.4455445544554455
0.8372694822068663,0.22210381196961465,0.25947330573118926,0.46039603960396036
0.8374361124022146,0.22217883201698144,0.2596030298486729,0.4752475247524752
0.8376029159213451,0.22225419301536892,0.25973797351902667,0.4900990099009901
0.8377698869529056,0.2223297783918612,0.2598781297662841,0.504950495049505
0.8379370196802768,0.2224054687993336,0.26002349089567545,0.5198019801980198
0.8381043082770265,0.2224811421944642,0.260174048493569,0.5346534653465347
0.8382717469094523,0.22255667391773523,0.2603297934272989,0.5495049504950494
0.8384393297340222,0.2226319367753277,0.26049071584532785,0.5643564356435643
0.8386070509008154,0.2227068011228702,0.260656805177346,0.5792079207920792
0.8387749045512445,0.22278113495102145,0.2608280501345089,0.594059405940594
0.8389428848201478,0.22285480397274876,0.26100443870975054,0.6089108910891089
0.8391109858310793,0.22292767171227154,0.2611859581782263,0.6237623762376238
0.8392792017034058,0.2229995995956718,0.2613725950978127,0.6386138613861386
0.8394475265475215,0.2230704470429908,0.2615643353097132,0.6534653465346534
0.8396159544649743,0.22314007156182236,0.26176116393920335,0.6683168316831682
0.8397844795504407,0.22320832884231773,0.26196306539632835,0.6831683168316831
0.8399530958923037,0.22327507285350418,0.26217002337685197,0.698019801980198
0.8401217975689086,0.22334015594089798,0.2623820208632347,0.7128712871287128
0.8402905786529382,0.2234034289252949,0.2625990401257116,0.7277227722772277
0.840459433209611,0.22346474120268273,0.2628210627233979,0.7425742574257426
0.8406283552949496,0.22352394084517294,0.26304806950560217,0.7574257425742574
0.8407973389611889,0.22358087470295823,0.2632800406131726,0.7722772277227723
0.8409663782492884,0.22363538850709408,0.2635169554799278,0.787128712871287
0.8411354671952503,0.2236873269731233,0.2637587928341852,0.8019801980198019
0.8413045998284419,0.22373653390544873,0.2640055307003979,0.8168316831683168
0.8414737701689718,0.22378285230233122,0.2642571464009185,0.8316831683168316
0.8416429722324084,0.2238261244614596,0.2645136165576836,0.8465346534653465
0.8418122000251016,0.22386619208604577,0.26477491709433254,0.8613861386138614
0.8419814475487983,0.22390289639129732,0.26504102323798445,0.8762376237623762
0.8421507087965123,0.22393607821120015,0.26531190952151373,0.891089108910891
0.8423199777549468,0.22396557810562157,0.26558754978558186,0.9059405940594059
0.842489248404436,0.22399123646747648,0.2658679171810377,0.9207920792079207
0.8426585147188626,0.22401289363001617,0.2661529841712434,0.9356435643564356
0.8428277706645032,0.2240303899741339,0.26644272253448414,0.9504950495049505
0.8429970102018387,0.22404356603553546,0.2667371033666246,0.9653465346534653
0.8431662272859318,0.22405226261173117,0.2670360970836031,0.9801980198019802
0.843335415862662,0.2240563208687964,0.2673396734243369,0.995049504950495
0.84350456987362,0.22405558244777812,0.267647801453471,1.00990099009901
0.8436736832528897,0.22404988957062658,0.2679604495642038,1.0247524752475248
0.8438427499304639,0.2240390851456655,0.26827758548147707,1.0396039603960396
0.8440117638276975,0.22402301287243814,0.268599176264913,1.0544554455445545
0.8441807188608823,0.22400151734585755,0.2689251883120812,1.0693069306930694
0.8443496089394156,0.22397444415961046,0.26925558736176514,1.084158415841584
0.8445184279685842,0.2239416400086708,0.26959033849728387,1.0990099009900989
0.8446871698464135,0.22390295279091416,0.2699294061500671,1.1138613861386137
0.8448558284639669,0.22385823170768743,0.27027275410296403,1.1287128712871286
0.8450243977077945,0.22380732736331233,0.27062034549415703,1.1435643564356435
0.8451928714594192,0.22375009186336664,0.27097214282064863,1.1584158415841583
0.8453612435932507,0.2236863789116811,0.2713281079422213,1.1732673267326732
0.8455295079783328,0.22361604390610532,0.2716882020852512,1.188118811881188
0.8456976584786741,0.22353894403270985,0.2720523858466456,1.202970297029703
0.8458656889517517,0.22345493835860344,0.27242061919805144,1.2178217821782178
0.8460335932508679,0.22336388792308778,0.2727928614898767,1.2326732673267327
0.8462013652229956,0.2232656558272385,0.2731690714555753,1.2475247524752475
0.8463689987095936,0.2231601073216804,0.2735492072159649,1.2623762376237624
0.8465364875476868,0.22304710989265075,0.2739332262836077,1.2772277227722773
0.8467038255676187,0.2229265333461045,0.27432108556735757,1.2920792079207921
0.8468710065978,0.2227982498899296,0.27471274137684054,1.3069306930693068
0.8470380244571057,0.2226621342141545,0.27510814942718764,1.3217821782178216
0.8472048729612253,0.22251806356904108,0.27550726484377114,1.3366336633663365
0.8473715459231592,0.22236591784106982,0.2759100421669433,1.3514851485148514
0.8475380371474455,0.22220557962669946,0.2763164353570585,1.3663366336633662
0.8477043404357072,0.22203693430384025,0.27672639779928054,1.381188118811881
0.8478704495845337,0.22185987010102162,0.27713988230883063,1.396039603960396
0.8480363583843354,0.22167427816416202,0.27755684113600254,1.4108910891089108
0.8482020606241581,0.22148005262087384,0.27797722597142344,1.4257425742574257
0.8483675500842107,0.22127709064229392,0.27840098795134943,1.4405940594059405
0.8485328205443006,0.22106529250229628,0.27882807766304185,1.4554455445544554
0.8486978657762467,0.22084456163419525,0.27925844515017084,1.4702970297029703
0.8488626795492621,0.22061480468470154,0.279692039918424,1.4851485148514851
0.8490272556271238,0.22037593156519616,0.2801288109410269,1.5
0.8491915877713992,0.2201278555002955,0.28056870666448464,1.5148514851485149
0.8493556697366929,0.21987049307356882,0.2810116750142893,1.5297029702970297
0.8495194952755254,0.21960376427046752,0.28145766340076,1.5445544554455446
0.8496830581354684,0.2193275925183525,0.28190661872493594,1.5594059405940592
0.849846352058605,0.2190419047236297,0.28235848738456326,1.574257425742574
0.8500093707861497,0.21874663130594926,0.28281321528010334,1.589108910891089
0.8501721080527874,0.21844170622944775,0.28327074782088857,1.6039603960396038
0.8503345575903861,0.21812706703093093,0.2837310299312371,1.6188118811881187
0.8504967131265151,0.21780265484513678,0.28419400605676176,1.6336633663366336
0.8506585683854947,0.21746841442685824,0.28465962017069163,1.6485148514851484
0.8508201170880065,0.2171242941700422,0.2851278157801659,1.6633663366336633
0.8509813529495756,0.21677024612380458,0.28559853593283485,1.6782178217821782
0.8511422696853324,0.21640622600532106,0.2860717232232444,1.693069306930693
0.8513028610033585,0.21603219320962466,0.28654731979946513,1.7079207920792079
0.851463120610382,0.21564811081630592,0.28702526736979905,1.7227722772277227
0.8516230422102581,0.21525394559299826,0.2875055072093865,1.7376237623762376
0.8517826195004823,0.2148496679958382,0.28798798016703464,1.7524752475247525
0.851941846178271,0.21443525216668324,0.28847262667207435,1.7673267326732673
0.8521007159369652,0.21401067592729187,0.28895938674115984,1.782178217821782
0.8522592224668151,0.21357592077028822,0.28944819998541016,1.7970297029702968
0.8524173594539531,0.21313097184705584,0.28993900561717006,1.8118811881188117
0.8525751205826857,0.21267581795248094,0.2904317424573508,1.8267326732673266
0.8527324995328988,0.21221045150661086,0.2909263489422737,1.8415841584158414
0.8528894899853444,0.21173486853322113,0.2914227631311631,1.8564356435643563
0.8530460856126115,0.2112490686352882,0.2919209227131255,1.8712871287128712
0.8532022800872341,0.21075305496745492,0.29242076501460046,1.886138613861386
0.8533580670806865,0.21024683420539092,0.29292222700663473,1.900990099009901
0.8535134402583129,0.2097304165122472,0.2934252453123284,1.9158415841584158
0.8536683932867882,0.20920381550201003,0.2939297562142612,1.9306930693069306
0.8538229198262626,0.2086670482000504,0.29443569566202343,1.9455445544554455
0.85397701353724,0.20812013500065932,0.29494299927968615,1.9603960396039604
0.8541306680775401,0.20756309962172353,0.2954516023735658,1.9752475247524752
0.8542838771016654,0.20699596905661521,0.29596143993972124,1.99009900990099
0.8544366342613154,0.20641877352321109,0.2964724466716636,2.004950495049505
0.8545889332086245,0.2058315464102373,0.2969845569682345,2.01980198019802
0.8547407675912483,0.20523432422085502,0.29749770494117134,2.0346534653465347
0.8548921310557971,0.20462714651359754,0.298011824423173,2.0495049504950495
0.8550430172467426,0.20401005584072215,0.29852684897563636,2.0643564356435644
0.8551934198061136,0.20338309768403554,0.2990427118965063,2.0792079207920793
0.8553433323748477,0.2027463203881424,0.299559346228456,2.094059405940594
0.855492748591562,0.2020997750913487,0.30007668476659366,2.108910891089109
0.8556416620931495,0.20144351565412838,0.3005946600667781,2.123762376237624
0.8557900665154212,0.20077759858535377,0.301113204453462,2.1386138613861387
0.8559379554920262,0.2001020829661603,0.3016322500279124,2.153465346534653
0.8560853226554501,0.19941703037178393,0.3021517286763452,2.168316831683168
0.856232161636075,0.19872250479114592,0.3026715720780427,2.183168316831683
0.8563784660629418,0.19801857254453076,0.30319171171361403,2.1980198019801978
0.8565242295646884,0.19730530219922807,0.30371207887325447,2.2128712871287126
0.8566694457671116,0.19658276448328157,0.304232604664915,2.2277227722772275
0.8568141082967549,0.19585103219749664,0.30475322002268523,2.2425742574257423
0.8569582107774668,0.19511018012563686,0.30527385571513027,2.257425742574257
0.8571017468318891,0.19436028494302304,0.30579444235364156,2.272277227722772
0.8572447100832035,0.1936014251236142,0.30631491040068654,2.287128712871287
0.8573870941516688,0.19283368084548477,0.3068351901784441,2.301980198019802
0.8575288926584157,0.19205713389500784,0.3073552118770414,2.3168316831683167
0.8576700992223161,0.19127186756972323,0.30787490556312214,2.3316831683168315
0.8578107074623078,0.19047796657994737,0.3083942011882562,2.3465346534653464
0.8579507109969512,0.1896755169492846,0.30891302859748554,2.3613861386138613
0.8580901034418629,0.18886460591413062,0.3094313175377578,2.376237623762376
0.8582288784152878,0.18804532182213515,0.30994899766660405,2.391089108910891
0.858367029533573,0.18721775402993618,0.31046599856055723,2.405940594059406
0.8585045504113396,0.18638199280011916,0.31098224972378685,2.4207920792079207
0.8586414346643849,0.18553812919738527,0.31149768059662125,2.4356435643564356
0.8587776759085181,0.1846862549843738,0.3120122205642359,2.4504950495049505
0.858913267758236,0.1838264625168377,0.31252579896512767,2.4653465346534653
0.8590482038271652,0.18295884463852524,0.3130383450999591,2.48019801980198
0.8591824777307145,0.18208349457584405,0.313549788239882,2.495049504950495
0.8593160830832363,0.18120050583221056,0.31406005763545386,2.50990099009901
0.8594490134985044,0.18030997208257732,0.3145690825251295,2.5247524752475248
0.8595812625923174,0.17941198706764044,0.3150767921439536,2.5396039603960396
0.8597128239778098,0.17850664448855263,0.3155831157321867,2.5544554455445545
0.859843691270393,0.17759403790156858,0.31608798254411796,2.5693069306930694
0.8599738580848179,0.1766742606132037,0.31659132185648964,2.5841584158415842
0.860103318037656,0.1757474055757791,0.31709306297737083,2.599009900990099
0.8602320647428557,0.17481356528337494,0.3175931352547081,2.6138613861386135
0.8603600918183038,0.1738728316686509,0.3180914680850545,2.6287128712871284
0.8604873928793083,0.17292529600019135,0.31858799092223167,2.6435643564356432
0.8606139615438455,0.17197104878074715,0.3190826332859686,2.658415841584158
0.8607397914292388,0.17101017964644763,0.31957532477053724,2.673267326732673
0.8608648761553391,0.17004277726702258,0.3200659950534964,2.688118811881188
0.8609892093409336,0.169068929247055,0.3205545739042679,2.7029702970297027
0.8611127846065602,0.16808872202855388,0.3210409911928293,2.7178217821782176
0.8612355955727852,0.16710224079486483,0.3215251768982654,2.7326732673267324
0.8613576358614301,0.16610956937588614,0.32200706111749733,2.7475247524752473
0.8614788990969414,0.1651107901548416,0.3224865740737685,2.762376237623762
0.8615993789030792,0.16410598397668547,0.32296364612544926,2.777227722772277
0.8617190689053388,0.1630952300581282,0.3234382077743651,2.792079207920792
0.861837962728489,0.16207860589949258,0.32391018967454116,2.8069306930693068
0.8619560540033382,0.16105618719842346,0.3243795226406857,2.8217821782178216
0.8620733363583376,0.16002804776548102,0.3248461376568714,2.8366336633663365
0.8621898034236659,0.15899425944195505,0.32530996588481315,2.8514851485148514
0.8700499860110764,0.11711550555072428,0.34752639738820823,2.866336633663366
0.8707175711372515,0.1057874748094669,0.35612459597447577,2.881188118811881
0.8714027628581558,0.09877405209372492,0.3603618958000837,2.896039603960396
0.872075084131723,0.09225606300309555,0.36368338711551496,2.910891089108911
0.8757885268199909,0.10005269417009903,0.37776210594835896,2.9257425742574257
0.8779293126654423,0.09238958738352053,0.3847375229146842,2.9405940594059405
0.8794961564813155,0.0840380643648017,0.38962645432351006,2.9554455445544554
0.8811046368684492,0.07491222079428664,0.39453703453837996,2.9702970297029703
0.8828522276633384,0.06442387571247907,0.3997501229409463,2.985148514851485
0.8847114285343551,0.05197092913075931,0.40512119660492446,3.0
0.8865589630028549,0.036908375856512375,0.4101785080081418,3.014851485148515
0.8881417841513258,0.01874489264496871,0.41402707584927906,3.0297029702970297
0.8890733437658287,-0.002414968603970017,0.41537701164090757,3.0445544554455446
0.888956057555891,-0.025395129653858928,0.4129987710831228,3.0594059405940595
0.8876359848843693,-0.04807511677363207,0.4065668543518278,3.0742574257425743
0.8853594191250164,-0.06843782830650957,0.39709063970792513,3.089108910891089
0.8826164511281764,-0.0855924908790666,0.3862975143439714,3.1039603960396036
0.8798500735556634,-0.09978257451704095,0.37565642433303437,3.1188118811881185
0.877312627372679,-0.11175533461591695,0.3659528570283231,3.1336633663366333
0.8723712321602358,-0.1062306477680404,0.3497641785917362,3.148514851485148
0.8709505110577732,-0.11156603717372682,0.3448541625901813,3.163366336633663
0.8686800983135121,-0.11455863737559675,0.3365650827092624,3.178217821782178
0.8573810262401249,-0.20831563812424814,0.28522112728592786,3.193069306930693
0.8571743167674619,-0.2101296888960258,0.2843348266917341,3.2079207920792077
0.8569655391357316,-0.21193011878783677,0.28344437451783827,3.2227722772277225
0.856754688815149,-0.2137167257646928,0.2825498331367333,3.2376237623762374
0.85654176129015,-0.21548931342418473,0.28165126525216644,3.2524752475247523
0.8563267520601443,-0.21724769111184566,0.28074873389149524,3.267326732673267
0.8561096566386486,-0.2189916740328571,0.2798423023981019,3.282178217821782
0.8558904705560432,-0.22072108336007376,0.27893203442400105,3.297029702970297
0.8556691893550405,-0.22243574633823865,0.2780179939221115,3.3118811881188117
0.855445808592829,-0.22413549638436808,0.27710024513863096,3.3267326732673266
0.8552203238454359,-0.22582017318418218,0.27617885260547786,3.3415841584158414
0.8549927306997832,-0.22748962278453289,0.27525388113258553,3.3564356435643563
0.8547630247582954,-0.2291436976817886,0.27432539580023607,3.371287128712871
0.854531201641558,-0.23078225690596837,0.273393461951261,3.386138613861386
0.8542972569817999,-0.23240516610078038,0.2724581451835569,3.400990099009901
0.8540611864276177,-0.23401229759929723,0.2715195113420136,3.4158415841584158
0.8538229856435617,-0.23560353049540095,0.270577626510963,3.4306930693069306
0.8535826503084651,-0.237178750710679,0.26963255700641187,3.4455445544554455
0.853340176116214,-0.23873785105709433,0.2686843693680878,3.4603960396039604
0.8530955587768909,-0.24028073129494767,0.267733130351793,3.4752475247524752
0.8528487940155346,-0.24180729818649338,0.26677890692151407,3.49009900990099
0.8525998775727146,-0.24331746554487968,0.265821766241516,3.504950495049505
0.8523488052052179,-0.24481115427849667,0.26486177566862434,3.51980198019802
0.8520955726827166,-0.24628829243068945,0.2638990027443028,3.5346534653465347
0.8518401757945288,-0.24774881521480802,0.2629335151867313,3.5495049504950495
0.8515826103409309,-0.24919266504451337,0.26196538088305055,3.564356435643564
0.8513228721421205,-0.25061979155942155,0.26099466788138903,3.579207920792079
0.8510609570316534,-0.25203015164586445,0.2600214443830171,3.5940594059405937
0.8507968608584072,-0.25342370945311404,0.2590457787343907,3.6089108910891086
0.8505305794893907,-0.2548004364045525,0.2580677394193239,3.6237623762376234
0.8502621088051139,-0.25616031120426314,0.25708739505107464,3.6386138613861383
0.8499914447027332,-0.25750331983879204,0.25610481436444504,3.653465346534653
0.8497185830957721,-0.25882945557391607,0.2551200662078094,3.668316831683168
0.8494435199137211,-0.26013871894698715,0.2541332195352951,3.683168316831683
0.849166251100988,-0.2614311177540388,0.25314434339885755,3.6980198019801978
0.8488867726188634,-0.2627066670325372,0.2521535069403248,3.7128712871287126
0.8486050804455887,-0.26396538903895017,0.2511607793836525,3.7277227722772275
0.8483211705745713,-0.26520731322193425,0.25016623002682314,3.7425742574257423
0.8480350390143098,-0.26643247619049143,0.24916992823413162,3.757425742574257
0.847746681791587,-0.2676409216775484,0.24817194342817075,3.772277227722772
0.8474560949486024,-0.2688327004988204,0.24717234508214317,3.787128712871287
0.8471632745429304,-0.2700078705069674,0.24617120271176612,3.801980198019802
0.8468682166508028,-0.27116649654116576,0.24516858586760618,3.8168316831683167
0.8465709173631749,-0.2723086503720452,0.24416456412716273,3.8316831683168315
0.8462713727873773,-0.2734344106421312,0.24315920708700345,3.8465346534653464
0.8459695790473226,-0.2745438628016195,0.24215258435500928,3.8613861386138613
0.8456655322840616,-0.27563709903986516,0.24114476554254324,3.876237623762376
0.8453592286551992,-0.27671421821232534,0.24013582025668234,3.891089108910891
0.8450506643336778,-0.27777532576312064,0.23912581809234063,3.905940594059406
0.8447398355112948,-0.2788205336434291,0.23811482862475164,3.9207920792079207
0.8444267383944585,-0.27984996022535963,0.23710292140139072,3.9356435643564356
0.84411136920796,-0.2808637302119177,0.2360901659345435,3.9504950495049505
0.8437937241919412,-0.28186197454259365,0.23507663169348786,3.9653465346534653
0.8434737996037965,-0.28284483029506224,0.23406238809680047,3.98019801980198
0.843151591718699,-0.2838124405827308,0.23304750450472794,3.995049504950495
0.842827096827816,-0.28476495444848327,0.2320320502115627,4.00990099009901
0.8425003112401905,-0.285702526754528,0.23101609443797128,4.024752475247524
0.8421712312792247,-0.28662531806844893,0.22999970632350325,4.03960396039604
0.8418398532895477,-0.2875334945455924,0.2289829549189249,4.054455445544554
0.8415061736281368,-0.28842722780784147,0.22796590917877388,4.069306930693069
0.8411701886744225,-0.2893066948188999,0.22694863795379652,4.084158415841584
0.8408318948195707,-0.29017207775602644,0.22593120998350588,4.099009900990099
0.8404912884752894,-0.2910235638785943,0.22491369388864307,4.1138613861386135
0.8401483660705221,-0.2918613453932715,0.2238961581639372,4.128712871287129
0.8398031240495676,-0.2926856193160731,0.22287867117051424,4.143564356435643
0.8394555588753503,-0.2934965873313817,0.2218613011286874,4.158415841584159
0.8391056670271724,-0.2942944556479839,0.22084411611049903,4.173267326732673
0.8387534450047791,-0.2950794348522705,0.21982718403264728,4.188118811881188
0.8383988893205843,-0.29585173975865386,0.2188105726489901,4.202970297029703
0.8380419965080972,-0.2966115892573312,0.2177943495434652,4.217821782178218
0.837682763115696,-0.2973592061595485,0.21677858212287657,4.232673267326732
0.8373211857119319,-0.29809481704040175,0.21576333760978508,4.247524752475248
0.8369572608813864,-0.29881865207927194,0.21474868303530675,4.262376237623762
0.836590985228019,-0.2995309448980856,0.21373468523215236,4.2772277227722775
0.836222355368653,-0.3002319323975344,0.2127214108275446,4.292079207920792
0.8358513679442909,-0.30092185459114995,0.21170892623625362,4.306930693069306
0.8354780196084592,-0.30160095443766455,0.21069729765359516,4.321782178217822
0.8351023070359076,-0.3022694776715086,0.2096865910486772,4.336633663366336
0.8347242269162318,-0.30292767263173814,0.20867687215734493,4.351485148514851
0.8343437759595196,-0.30357579008938074,0.20766820647548748,4.366336633663366
0.8339609508929785,-0.30421408307343556,0.2066606592523142,4.381188118811881
0.8335757484598233,-0.30484280669553643,0.20565429548347955,4.3960396039603955
0.8331881654246776,-0.3054622179735135,0.20464917990447962,4.410891089108911
0.8327981985669684,-0.30607257565385076,0.20364537698414759,4.425742574257425
0.8324058446851632,-0.3066741400332911,0.20264295091784573,4.4405940594059405
0.8320111005965861,-0.30726717277958343,0.20164196562107217,4.455445544554455
0.8316139631359094,-0.3078519367515712,0.20064248472301163,4.47029702970297
0.8312144291561001,-0.3084286958187956,0.1996445715599565,4.485148514851485
0.83081249552858,-0.3089977146805517,0.19864828916903743,4.5
0.8304081591423957,-0.3095592586847244,0.19765370028196552,4.514851485148514
0.8300014169049937,-0.31011359364644864,0.19666086731850316,4.52970297029703
0.8295922657419673,-0.3106609856665994,0.19566985238049375,4.544554455445544
0.8291807025985376,-0.3112017009505102,0.19468071724561234,4.5594059405940595
0.8287667244355635,-0.31173600562671794,0.19369352336112472,4.574257425742574
0.8283503282348473,-0.31226416556609216,0.19270833183805897,4.589108910891089
0.8279315109949937,-0.312786446201412,0.1917252034449989,4.603960396039604
0.827510269734662,-0.31330311234739805,0.19074419860227027,4.618811881188119
0.8270866014895294,-0.3138144280215167,0.1897653773759143,4.633663366336633
0.8266605033133242,-0.314320656265449,0.188788799472032,4.648514851485149
0.8262319722799724,-0.31482205896762083,0.18781452423091685,4.663366336633663
0.8258010054816735,-0.3153188966865941,0.18684261062123547,4.678217821782178
0.8253676000279488,-0.31581142847568283,0.18587311723454325,4.693069306930693
0.8249317530487259,-0.3162999117088069,0.184906102279653,4.707920792079208
0.8244934616904039,-0.31678460190768976,0.18394162357703553,4.7227722772277225
0.8240527231190082,-0.31726575257057266,0.18297973855336663,4.737623762376238
0.8236095345215549,-0.31774361500247106,0.18202050423619504,4.752475247524752
0.8231638931003644,-0.31821843814718237,0.1810639772484715,4.767326732673267
0.8227157960782897,-0.31869046842102866,0.18011021380336503,4.782178217821782
0.8222652406969683,-0.3191599495486002,0.17915926969900023,4.797029702970296
0.821812224217001,-0.3196271224004646,0.17821120031328047,4.811881188118812
0.8213567439169994,-0.3200922248329917,0.17726606059884348,4.826732673267326
0.8208987970955972,-0.320555491530475,0.17632390507804335,4.841584158415841
0.8204383810685778,-0.3210171538494582,0.1753847878379126,4.856435643564356
0.8199754931734482,-0.3214774396656054,0.174448762525314,4.871287128712871
0.8195101307651006,-0.32193657322303937,0.17351588234214715,4.886138613861386
0.8190422912171471,-0.3223947749862616,0.17258620004051595,4.900990099009901
0.8185719719225648,-0.3228522614948348,0.1716597679181286,4.915841584158415
0.8180991702942387,-0.32330924522083093,0.1707366378135427,4.930693069306931
0.8176238837631447,-0.3237659344291711,0.16981686110175784,4.945544554455445
0.8171461097803638,-0.32422253304092374,0.16890048868962515,4.96039603960396
0.8166658458145539,-0.3246792404996639,0.1679875710114216,4.975247524752475
0.816183089355863,-0.3251362516409777,0.16707815802457712,4.99009900990099
0.8156978379120604,-0.3255937565651292,0.16617229920536916,5.0049504950495045
0.8152100890107656,-0.3260519405130764,0.1652700435446493,5.01980198019802
0.8147198401982111,-0.326510983745823,0.16437143954380884,5.034653465346534
0.8142270890412684,-0.32697106142715293,0.16347653521064212,5.0495049504950495
0.813731833124969,-0.327432343509967,0.16258537805532527,5.064356435643564
0.8132340700552181,-0.3278949946260657,0.16169801508662046,5.079207920792079
0.8127337974548905,-0.3283591739796726,0.16081449280788948,5.094059405940594
0.812231012967945,-0.3288250352445538,0.15993485721336856,5.108910891089109
0.8117257142585925,-0.3292927264649289,0.1590591537844787,5.123762376237623
0.8112178990087106,-0.32976238996017837,0.15818742748616266,5.138613861386139
0.8107075649208083,-0.3302341622334141,0.15731972276333894,5.153465346534653
0.8101947097172653,-0.33070817388392293,0.15645608353741322,5.1683168316831685
0.8096793311381127,-0.3311845495235484,0.15559655320286153,5.183168316831683
0.8091614269458139,-0.33166340769715374,0.15474117462396444,5.198019801980198
0.8086409949202771,-0.3321448608069788,0.15388999013135923,5.212871287128713
0.8081180328620885,-0.33262901504119446,0.15304304151901013,5.227722772277227
0.8075925385913427,-0.3331159703064947,0.15220037004111883,5.242574257425742
0.8070645099463569,-0.33360582016483775,0.1513620164089136,5.257425742574257
0.8065339447888027,-0.33409865177432624,0.15052802078786734,5.272277227722772
0.8060008409957196,-0.3345945458343771,0.14969842279466108,5.2871287128712865
0.8054651964675115,-0.3350935765350103,0.14887326149447777,5.301980198019802
0.8049270091231072,-0.3355958115103598,0.14805257539817623,5.316831683168316
0.8043862769000192,-0.3361013117965613,0.14723640245972586,5.3316831683168315
0.8038429977568008,-0.3366101317937837,0.14642478007350912,5.346534653465346
0.8032971696732908,-0.3371223192326038,0.1456177450718803,5.361386138613861
0.8027487906469422,-0.3376379151446299,0.14481533372273134,5.376237623762376
0.8021978586954687,-0.3381569538375014,0.1440175817271115,5.391089108910891
0.801644371857474,-0.3386794628740576,0.1432245242168957,5.405940594059405
0.8010883281912318,-0.33920546305591415,0.14243619575271177,5.420792079207921
0.8005297257744122,-0.3397349684113103,0.1416526303216112,5.435643564356435
0.7999685627059822,-0.3402679861871786,0.1408738613352307,5.4504950495049505
0.7994048371038149,-0.34080451684560853,0.1400999216276581,5.465346534653465
0.7988385471057664,-0.34134455406444963,0.13933084345361477,5.48019801980198
0.7982696908708491,-0.34188808474228194,0.13856665848652655,5.495049504950495
0.797698266578116,-0.3424350890075675,0.13780739781690232,5.50990099009901
0.7971242724245567,-0.34298554023202615,0.1370530919506079,5.524752475247524
0.7965477066306219,-0.3435394050482051,0.13630377080724912,5.53960396039604
0.795968567434655,-0.3440966433712288,0.13555946371864974,5.554455445544554
0.7953868530957443,-0.34465720842469977,0.13482019942745177,5.569306930693069
0.7948025618932211,-0.34522104677067655,0.1340860060856806,5.584158415841584
0.7942156921283162,-0.3457880983437594,0.13335691125355653,5.599009900990099
0.793626242118733,-0.34635829648921945,0.1326329418981767,5.6138613861386135
0.7930342102059676,-0.346931568005142,0.1319141243924122,5.628712871287129
0.7924395947507566,-0.347507833188483,0.13120048451384328,5.643564356435643
0.7918423941333848,-0.34808700588510394,0.13049204744378068,5.658415841584159
0.7912426067554501,-0.34866899354368547,0.12978883776641392,5.673267326732673
0.7906402310380369,-0.3492536972734128,0.12909087946780687,5.688118811881188
0.7900352654240382,-0.3498410119055046,0.1283981959352958,5.702970297029703
0.7894277083753515,-0.35043082605842524,0.12771080995677525,5.717821782178217
0.7888175583746975,-0.3510230222067875,0.12702874371997713,5.732673267326732
0.7882048139261728,-0.3516174767538926,0.12635201881213814,5.747524752475247
0.7875894735525227,-0.35221406010775747,0.12568065621930605,5.762376237623762
0.7869715357981182,-0.35281263676073826,0.12501467632615879,5.777227722772277
0.7863509992286895,-0.3534130653724933,0.12435409891554987,5.792079207920792
0.7857278624286159,-0.3540151988563796,0.12369894316837475,5.806930693069306
0.7851021240038732,-0.3546188844691362,0.12304922766328005,5.821782178217822
0.7844737825808903,-0.35522396390376393,0.1224049703767558,5.836633663366336
0.7838428368074826,-0.3558302733856376,0.12176618868294442,5.851485148514851
0.7832092853488778,-0.35643764377165105,0.12113289935382776,5.866336633663366
0.7825731268954466,-0.35704590065240704,0.12050511855923107,5.881188118811881
0.7819343601557629,-0.35765486445735906,0.1198828618671639,5.8960396039603955
0.7812929838584508,-0.35826435056280015,0.11926614424402623,5.910891089108911
0.7806489967541339,-0.35887416940265193,0.11865498005490696,5.925742574257425
0.7800023976122848,-0.35948412658196466,0.11804938306414085,5.9405940594059405
0.7793531852259993,-0.36009402299304316,0.11744936643566473,5.955445544554455
0.7787013584070543,-0.3607036549341191,0.11685494273363124,5.97029702970297
0.7780469159882333,-0.36131281423048983,0.11626612392308769,5.985148514851485
0.7773898568238742,-0.3619212883580282,0.1156829213706541,6.0
